"die Adresse, -n","Können Sie mir Ihre Adresse geben?","adress"," Can you give me your address?"
"die Ahnung, -en","Ich hatte keine Ahnung, dass du heute Geburtstag das schon allein.","idea"," I had no idea that today is your birthday, all by yourself."
"das Alter, -","Alter: 18 Jahre.","age"," Age: 18 years."
"die Ampel, -n","Du kannst fahren, die Ampel ist grün.","traffic light"," You can drive, the light is green."
"das Angebot, -e","Heute sind Bananen im Angebot.","offer"," Bananas are on sale today."
"der Anfang, ¨-e","Sie wohnt am Anfang der Straße.","start; beginning"," She lives at the beginning of the street."
"die Angst, ¨-e","Hab keine Angst!","fear"," Don’t be afraid!"
"die Ankunft, -e","Auf diesem Fahrplan steht nur die Ankunft der Züge.","arrival"," This timetable only shows the arrival of the trains."
"die Anmeldung, -en","Wo bekomme ich das Formular für die Anmeldung?","registration"," Where can I get the registration form?"
"der Anrufantworter, -","Wir sind im Moment nicht da. Sprechen Sie bitte auf den Anrufbeantworter.","answering machine"," We are not here at the moment. Please leave a message on the answering machine."
"der Anruf, -e","Eva bekommt viele Anrufe von ihrem Freund Juan.","call"," Eva gets many calls from her friend Juan."
"der Anschluss, ¨-e","In Mannheim haben Sie Anschluss nach Saarbrücken.","connection"," In Mannheim you have a connection to Saarbrücken."
"die Antwort, -en","Er gibt leider keine Antwort.","answer"," He unfortunately gives no answer."
"die Anzeige, -n","Ich habe Ihre Anzeige in der Zeitung gelesen.","advertisement; notice"," I read your advertisement in the newspaper."
"der Anzug, ¨-e","Mein Mann muss sich einen neuen Anzug kaufen.","suit"," My husband has to buy a new suit."
"der Apfel, ¨-","Ein Kilo Äpfel, bitte.","apple"," One kilogram of apples, please."
"die Apotheke, -n","Das Medikament bekommen Sie in der Apotheke.","pharmacy"," You can get the medication at the pharmacy."
"der Apparat, -e","Was machen wir mit deinem alten Apparat?","device; apparatus"," What should we do with your old device?"
"die Arbeit, -en","Mein Bruder sucht Arbeit.","work"," My brother is looking for work."
"der Arm, -e","Mein Arm tut weh.","arm"," My arm hurts."
"der Artikel, -","Im Deutschen gibt es drei Artikel: der, die und das.","article"," In German there are three articles: der, die and das."
"der Aufzug, ¨-e","In diesem Haus gibt es keinen Aufzug.","elevator"," There is no elevator in this house."
"das Auge, -n","Er hat blaue Augen.","eye"," He has blue eyes."
"die Ausbildung, -en","Ich möchte eine Ausbildung zum Krankenpfleger","training; education"," I want to train to become a male nurse."
"der Ausflug, ¨-e","Morgen machen wir einen Ausflug nach Heidelberg/","excursion"," Tomorrow we are taking a trip to Heidelberg."
"der Ausgang, ¨-e","Entschuldigung, wo ist der Ausgang?","exit"," Excuse me, where is the exit?"
"die Auskunft, ¨-e","Wo ist die Auskunft? Können Sie mir bitte eine Auskunft geben?","information"," Where is the information desk? Could you please give me some information?"
"das Ausland, -","Fahren Sie ins Ausland?","abroad; foreign country"," Do you travel abroad?"
"die Ausstellung, -en","Gehen wir morgen zusammen in die Ausstellung?","exhibition"," Are we going to the exhibition together tomorrow?"
"der Ausweis, -e","Darf ich bitte mal Ihren Ausweis sehen? – Hier ist mein Ausweis.","ID card"," May I please see your ID? – Here is my ID."
"das Auto, -s","Er fährt mit dem Auto.","car"," He is driving the car."
"die Autobahn, -en","Darf ich mit dem Motorroller auf der Autobahn","highway"," May I ride the moped on the highway"
"der Automat, -en","Fahrkarten gibt es nur am Automaten.","vending machine; automatic"," Tickets are only available from the vending machine."
"das Baby, -s","Wir haben ein Baby. Es ist sechs Wochen alt.","baby"," We have a baby. It is six weeks old."
"der Babysitter, -","Meine Tochter arbeitet als Babysitter bei einer Familie mit vier Kindern","babysitter"," My daughter works as a babysitter for a family with four children."
"die Bäckerei, -en","Ich geh mal schnell zur Bäckerei.","bakery"," I’ll quickly go to the bakery."
"das Bad, ¨-er","Das Haus ist sehr alt. Es hat kein Bad.","bathroom"," The house is very old. It has no bathroom."
"die Bahn, -en","Wir fahren lieber mit der Bahn als mit dem Bus.","rail; train"," We prefer to travel by train rather than by bus."
"der Bahnhof, ¨-e","Entschuldigung, komme ich hier zum Bahnhof?","train station"," Excuse me, do I get to the train station from here?"
"der Bahnsteig, -e","Auf Hauptbahnhöfen gibt es meist viele Bahnsteige.","platform"," At main stations there are usually many platforms."
"der Balkon, -e","Die Wohnung hat auch einen kleinen Balkon.","balcony"," The apartment also has a small balcony."
"der Ball, ¨-e","Meine Kinder spielen gern Ball.","ball"," My children like to play ball."
"die Banane, -n","Drei Bananen, bitte!","banana"," Three bananas, please!"
"die Band, -s","Was ist deine Lieblingsband? Anton spielt in einer Band.","band"," What is your favorite band? Anton plays in a band."
"die Bank, -en","Bei welcher Bank haben Sie Ihr Konto?","bank"," At which bank do you have your account?"
"die Bank, ¨-e","Kommt, wir setzen uns auf diese Bank.","bench"," Come on, let's sit on this bench."
"der Basketball, ¨-e","Yannick spielt lieber Basketball als Fußball.","basketball"," Yannick prefers basketball to football."
"der Bauch, ¨-e","Seit gestern tut mir der Bauch weh.","belly"," Since yesterday my stomach hurts."
"der Baum, ¨-e","Der Baum ist über hundert Jahre alt.","tree"," The tree is over a hundred years old."
"die Baustelle, -n","Vor unserem Haus ist eine große Baustelle.","construction site"," In front of our house there is a big construction site."
"das Bein, -e","Mein rechtes Bein tut weh.","leg"," My right leg hurts."
"der Berg, -e","Die Zugspitze ist der höchste Berg in Deutschland.","mountain"," The Zugspitze is the highest mountain in Germany."
"der Beruf, -e","Was bist du von Beruf?","profession"," What is your profession?"
"der Besuch, -e","Wir bekommen am Wochenende Besuch.","visit; attendance"," We are getting visitors this weekend."
"das Bett, -en","Sie ist krank und muss heute im Bett bleiben.","bed"," She is sick and has to stay in bed today."
"die Bewerbung, -en","Kannst du mir bei meiner Bewerbung helfen?","application"," Can you help me with my job application?"
"die Wolke, -n","Es gibt viele Wolken am Himmel.","cloud"," There are many clouds in the sky."
"die Bibliothek, -en","Sie lernt jeden Tag in der Bibliothek.","library"," She studies every day in the library."
"das Bier, -e","Noch ein Bier, bitte.","beer"," Another beer, please."
"das Bild, -er","Hast du ein Bild von deinem Sohn?","picture"," Do you have a photo of your son?"
"die Birne, -n","Ein Kilo Birnen, bitte!","pear; light bulb (informal)"," One kilogram of pears, please!"
"die Bitte, -n","Ich habe noch eine Bitte.","request"," I have another request."
"das Blatt, ¨-er","Haben Sie ein Blatt Papier für mich?","leaf; sheet"," Do you have a sheet of paper for me?"
"der Bleistift, -e","Hast du einen Bleistift?","pencil"," Do you have a pencil?"
"das Blog, -s","Ich schreibe einen Blog über Mode.","blog"," I am writing a blog about fashion."
"die Blume, -n","Gefallen dir die Blumen?","flower"," Do you like the flowers?"
"die Bluse, -n","Ich suche eine weiße Bluse.","blouse"," I am looking for a white blouse."
"die Bohne, -n","Hans isst nicht gern Bohnen.","bean"," Hans does not like eating beans."
"der Brief, -e","Haben Sie einen Brief für mich?","letter"," Do you have a letter for me?"
"die Briefmarke, -n","Bitte die Briefmarke nicht vergessen!","stamp"," Please do not forget the stamp!"
"die Brille, -n","Wo ist meine Brille?","glasses"," Where are my glasses?"
"das Brot, -e","Nimm doch noch ein Brot für das Abendessen.","bread"," Take some more bread for dinner."
"das Brötchen, -","Möchtest du Brot oder Brötchen zum Frühstück?","bread roll"," Would you like bread or rolls for breakfast?"
"die Brücke, -n","Fahren Sie über die nächste Brücke und dann","bridge"," Please drive over the next bridge and then"
"das Buch, ¨-er","Was kostet das Buch, bitte?","book"," How much does the book cost, please?"
"der Buchstabe, -n","Diesen Buchstaben gibt es in meiner Sprache nicht.","letter"," This letter does not exist in my language."
"das Büro, -s","Ich arbeite in einem Büro.","office"," I work in an office."
"der Bus, -se","Wann kommt der nächste Bus?","bus"," When does the next bus come?"
"die Butter, -","Möchtest du Butter aufs Brot oder nur Käse?","butter"," Do you want butter on the bread or just cheese?"
"das Café, -s","Kommst du mit ins Café? Ich möchte gern einen Kaffee trinken.","cafe"," Are you coming to the cafe with me? I would like to drink a coffee."
"die Cafeteria, -s","Ich gehe jetzt in die Cafeteria. Soll ich dir etwas mitbringen?","cafeteria"," I am going to the cafeteria now. Should I bring you something?"
"der Chef, -s","Wir haben ein neue Chef.","boss (male)"," We have a new male boss."
"die Chefin, -nen","Wir haben eine neue Chefin.","boss (female)"," We have a new female boss."
"der Club, -s","Gibt es hier einen Tennis-Club/Klub?","club"," Is there a tennis club here?"
"das Comic, -s","Mein Sohn liest immer nur Comics.","comic"," My son only ever reads comics."
"der Computer, -","Wann bekommst du deinen neuen Computer?","computer"," When will you get your new computer?"
"die Creme, -s/-n","Ich suche eine Creme für die Hände.","cream"," I am looking for a hand cream."
"die Dame, -n","Damen (an der Toilette)","lady"," Ladies (in the restroom)"
"der Dank (Sg.), -","Vielen Dank!","thanks"," Thank you very much!"
"die Datei, -en","Wo hast du die Datei gespeichert?","file"," Where did you save the file?"
"das Datum, -en","Bitte Datum und Unterschrift nicht vergessen!","date"," Please don’t forget the date and signature!"
"das Ding, -e","Gib mir bitte mal das Ding da drüben!","thing"," Please hand me that thing over there!"
"die Disco, -s","Wir gehen heute Abend in die Disco/Disko.","disco"," We are going to the disco this evening."
"die Disko, -s","Wir gehen heute Abend in die Disco/Disko.","disco"," We are going to the disco this evening."
"das Doppelzimmer, -","Möchten Sie ein Doppelzimmer oder ein Einzelzimmer?","double room"," Would you like a double room or a single room?"
"das Dorf, ¨-er","Unser Dorf liegt direkt an der Autobahn.","village"," Our village lies right by the highway."
"der Drucker, -","Mein Drucker ist kaputt.","printer"," My printer is broken."
"der Durst, -","Hast du etwas zu trinken? Ich habe großen Durst.","thirst"," Do you have something to drink? I am very thirsty."
"die Dusche, -n","Unsere Wohnung hat nur eine Dusche.","shower"," Our apartment has only a shower."
"das E-Book, -s","Liest du lieber E-Books oder Bücher aus Papier?","e-book"," Do you prefer reading e-books or paper books?"
"die Ecke, -n","Gehen Sie an der nächsten Ecke links.","corner"," Turn left at the next corner."
"die Ehefrau, -en","Das ist meine Ehefrau.","wife"," This is my wife."
"der Ehemann, -er/","Das ist mein Ehemann","husband"," This is my husband"
"der Ehepartner, -","Das ist mein Ehepartner.","spouse"," This is my partner."
"das Ei, -er","Möchtest du ein Ei zum Frühstück?","egg"," Would you like an egg for breakfast?"
"der Eingang, ¨-e","Der Eingang ist um die Ecke.","entrance"," The entrance is around the corner."
"das Einkaufszentrum, -","Kommst du morgen mit ins Einkaufszentrum?","shopping center"," Are you coming to the shopping mall tomorrow?"
"die Einladung, -en","Danke für die Einladung zu deinem Geburtstag!","invitation"," Thanks for the invitation to your birthday!"
"der Eintritt, -e","Der Eintritt kostet fünf Euro.","entrance"," The admission costs five euros."
"das Eis, -","Möchtest du auch ein Eis?","ice; also ice cream"," Would you like an ice cream too?"
"die E-Mail, -s","Ich schreibe Ihnen/dir eine E-Mail.","email"," I am writing you an email."
"der Empfänger, -","Auf dem Brief steht dein Name, also bist du der Empfänger","recipient"," The letter bears your name, so you are the recipient"
"das Ende, -n","Sie wohnt am Ende der Straße.","end"," She lives at the end of the street."
"die Entschuldigung, -en","Oh, Entschuldigung! – Macht nichts. Kein Problem.","apology"," Oh, excuse me! – It doesn’t matter. No problem."
"das Erdgeschoss, -e","Ich wohne im Erdgeschoss.","ground floor"," I live on the ground floor."
"die Erfahrung, -en","Ich habe zehn Jahre Erfahrung in diesem Beruf.","experience"," I have ten years of experience in this profession."
"die Erlaubnis, -","Haben Sie eine Arbeitserlaubnis?","permission"," Do you have a work permit?"
"die Ermäßigung, -en","Für Schüler, Studenten und Rentner gibt es eine","discount"," For pupils, students and pensioners there is a"
"der Erwachsene, -n","Erwachsene zahlen zehn Euro, für Kinder ist der","adult"," Adults pay ten euros, for children it is the"
"das Essen, -","Das Essen in der Cafeteria ist meistens ganz gut.","food"," The food in the cafeteria is usually quite good."
"das Fach, ¨-er","Welches Fach magst du in der Schule am liebsten?","subject; compartment"," Which subject do you like best at school?"
"die Abfahrt, -en","Wir haben noch zwanzig Minuten bis zur Abfahrt.","departure"," We still have twenty minutes until departure."
"die Fahrkarte, -n","Hast du schon eine Fahrkarte?","ticket"," Do you already have a ticket?"
"der Fahrplan, ¨-e","Ist das der neue Fahrplan?","timetable"," Is this the new timetable?"
"das FahrRad, ¨-er","Wenn es nicht regnet, fahre ich mit dem Fahrrad.","bicycle (folding bike; brand term)"," If it doesn’t rain, I’ll ride my bicycle."
"die Familie, -n","Meine Familie lebt in Spanien.","family"," My family lives in Spain."
"der Familienname, -","Mein Familienname ist González.","family name"," My family name is González."
"der Fan, -s","Er ist ein großer Fußballfan.","fan"," He is a big football fan."
"die Farbe, -n","Die Farbe gefällt mir gut.","color"," I like the color."
"der Fehler, -","Diesen Fehler mache ich immer wieder.","mistake"," I keep making this mistake."
"die Feier, -n","Wann hast du Feierabend?","celebration"," When do you get off work?"
"das Fenster, -","Kannst du bitte das Fenster öffnen?","window"," Could you please open the window?"
"die Ferien, -","Bald haben wir Ferien.","holidays"," Soon we’ll have holidays."
"der Fernseher, -","Der Fernseher ist kaputt.","television"," The television is broken."
"das Fest, -e","Frohes Fest!","festival"," Happy holidays!"
"das Festival, -s","Am Wochenende ist in der Stadt ein Musik-Festival.","festival"," There is a music festival in the city this weekend."
"das Fieber, -","Sie hat hohes Fieber.","fever"," She has a high fever."
"der Film, -e","Ich möchte gern diesen Film sehen.","film"," I would like to see this film."
"die Firma, -en","Er arbeitet jetzt bei einer anderen Firma.","company"," He now works at another company."
"der Fisch, -e","Fisch mag ich lieber als Fleisch.","fish"," I prefer fish to meat."
"die Flasche, -n","Eine Flasche Mineralwasser, bitte!","bottle"," One bottle of mineral water, please!"
"das Fleisch, -","Fleisch mag ich nicht.","meat"," I don’t like meat."
"der Flohmarkt, ¨-e","Ich gehe gern auf den Flohmarkt.","flea market"," I like going to the flea market."
"der Flug, ¨-e","Ich möchte einen Flug nach Kanada buchen.","flight"," I would like to book a flight to Canada."
"der Flughafen, ¨-","Kannst du mich zum Flughafen bringen?","airport"," Can you take me to the airport?"
"das Flugzeug, -e","Das Flugzeug aus Berlin hat Verspätung.","airplane"," The airplane from Berlin is delayed."
"der Fluss, ¨-e","Der Rhein ist ein großer Fluss.","river"," The Rhine is a large river."
"das Formular, -e","Sie müssen dieses Formular ausfüllen.","form"," You must fill out this form."
"der Fotoapparat, -e","Ich möchte mir einen Fotoapparat kaufen.","camera"," I would like to buy a camera."
"das Foto, -s","Darf ich ein Foto machen?","photo"," May I take a photo?"
"die Frage, -n","Ich habe eine Frage.","question"," I have a question."
"die Frau, -en","Das ist Frau Becker.","woman"," That is Mrs. Becker."
"die Freizeit, -","In meiner Freizeit spiele ich oft Fußball.","leisure"," In my free time I often play football."
"der Freund, -e,","Das ist ein Freund von mir.","friend (male)"," This is a friend of mine."
"die Freundin, -nen","Das ist meine Freundin Susanne.","girlfriend"," This is my friend Susanne."
"das Frühstück, -","Möchtest du ein Ei zum Frühstück?","breakfast"," Would you like an egg for breakfast?"
"der Führerschein, -","Hast du den Führerschein?","driving licence"," Do you have a driver's license?"
"die Führung, -en","Die nächste Führung beginnt um 15 Uhr.","leadership; tour"," The next guided tour begins at 3 p.m."
"die Fundsachen, -","Haben Sie meinen Schirm gefunden? - Sie können (Pl.) dort bei den Fundsachen schauen","lost and found"," Did you find my umbrella? - You can look there at the lost and found."
"der Fuß, ¨-e","Der linke Fuß tut mir weh.","foot"," The left foot hurts."
"der Fußball, ¨-e","Spielt ihr gern Fußball?","soccer"," Do you like playing football?"
"die Gabel, -n","Kann ich bitte eine Gabel haben?","fork"," Can I have a fork, please?"
"die Garage, -n","Hier ist eine Garage für dein Auto.","garage"," Here is a garage for your car."
"der Garten, ¨-","Wir haben leider keinen Garten.","garden"," We unfortunately have no garden."
"der Gast, ¨-e","Heute Abend haben wir Gäste.","guest"," We have guests this evening."
"das Gegenteil, -e","Das Gegenteil von „klein“ ist „groß“.","opposite"," The opposite of “small” is “big.”"
"das Gehalt, ¨-er","Sie ist mit ihrem Gehalt zufrieden.","salary"," She is satisfied with her salary."
"das Geld, -","Hast du noch Geld?","money"," Do you have any money left?"
"die Geldbörse, -n","Sie hat ihre Geldbörse verloren.","wallet"," She has lost her wallet."
"das Gemüse, -","Wir kaufen das Gemüse immer auf dem Markt.","vegetables"," We always buy the vegetables at the market."
"das Gepäck, -","Wollen Sie Ihr Gepäck mitnehmen?","luggage"," Do you want to take your luggage with you?"
"das Gerät, -e","Elektrogeräte finden Sie im dritten Stock.","device"," Home appliances can be found on the third floor."
"das Gericht, -e","Mein Lieblingsgericht ist Pizza.","dish; court"," My favorite dish is pizza."
"das Geschäft, -e","Die Geschäfte schließen um 18.30 Uhr.","shop; business"," The shops close at 6:30 p.m."
"das Geschenk, -e","Danke für das schöne Geschenk.","gift"," Thanks for the nice gift."
"die Geschichte, -n","Erzählst du mir eine Geschichte?","story"," Will you tell me a story?"
"das Geschirr, -","Stellst du bitte das Geschirr in den Schrank?","dishes"," Please put the dishes in the cupboard."
"das Gesicht, -er","Wasch dir bitte das Gesicht.","face"," Please wash your face."
"das Gespräch, -e","Sie hören ein Gespräch. Zu diesem Gespräch gibt es","conversation"," You hear a conversation. This conversation has"
"die Gesundheit, -","Gesundheit! Sind Sie erkältet?","health"," Gesundheit! Are you having a cold?"
"das Getränk, -e","Mein Lieblingsgetränk ist Tomatensaft.","drink"," My favorite drink is tomato juice."
"das Gewitter, -","Ich glaube, es gibt heute ein Gewitter.","thunderstorm"," I think there will be a thunderstorm today."
"die Gitarre, -n","Er kann gut Gitarre spielen.","guitar"," He can play the guitar well."
"das Glas, ¨-er","Bitte noch ein Glas Apfelsaft!","glass"," Please another glass of apple juice!"
"das Gleis, -e","Der ICE nach Berlin hält heute an Gleis 12.","track"," The ICE to Berlin stops today at track 12."
"das Glück, -","Viel Glück!","luck"," Good luck!"
"der Glückwunsch, ¨-e","Herzlichen Glückwunsch zum Geburtstag!","congratulations"," Happy birthday!"
"die Grippe, -","Ich habe eine Grippe und kann leider nicht","flu"," I have the flu and can't unfortunately"
"die Größe, -n","Haben Sie das T-Shirt auch in Größe M?","size"," Do you have the T-shirt in size M as well?"
"die Gruppe, -n","Die erste Gruppe beginnt um 16 Uhr.","group"," The first group begins at 4 p.m."
"der Gruß, ¨-e","Viele Grüße an Ihre Frau.","regards"," Best regards to your wife."
"das Haar, -e","Sie hat lange Haare.","hair"," She has long hair."
"das Hähnchen, -","Ein Hähnchen mit Pommes, bitte!","chicken"," A chicken with fries, please!"
"die Halle, -n","Wir treffen uns in Halle B.","hall"," We will meet in hall B."
"der Hals, ¨-e","Mir tut der Hals weh.","neck"," My throat hurts."
"die Haltestelle, -n","An der nächsten Haltestelle müssen Sie aussteigen.","stop (bus/train)"," At the next stop you must get off."
"der Hamburger, -","Einen Hamburger ohne Salat, bitte.","hamburger"," A hamburger without lettuce, please."
"die Hand, ¨-e","Wasch dir bitte die Hände vor dem Essen.","hand"," Please wash your hands before eating."
"das Handtuch, ¨-er","Gibst du mir bitte ein frisches Handtuch?","towel"," Could you please give me a fresh towel?"
"das Handy, -s","In der Schule bitte die Handys ausmachen!","mobile phone"," Please switch off your phones at school!"
"die Hauptstadt, ¨-e","Berlin ist die Hauptstadt von Deutschland.","capital"," Berlin is the capital of Germany."
"das Haus, ¨-er","In welchem Haus wohnst du?","house"," Which house do you live in?"
"der Haushalt, -e","Wer macht bei euch den Haushalt? - Meine Frau und ich machen den Haushalt zusammen.","household"," Who runs the household at your place? – My wife and I run the household together."
"das Heft, -e","Hast du dein Heft dabei?","notebook"," Do you have your exercise book with you?"
"die Heimat, -","Ich komme aus der Schweiz. Das ist meine Heimat.","homeland"," I come from Switzerland. That is my homeland."
"die Heizung, -en","Es ist kalt. Ist die Heizung kaputt?","heating"," It is cold. Is the heating broken?"
"das Hemd, -en","Nick trägt heute ein neues Hemd.","shirt"," Nick is wearing a new shirt today."
"der Herd, -e","In der neuen Küche fehlt noch der Herd.","stove"," The stove is still missing in the new kitchen."
"der Herr, -en","Guten Tag, Herr Sommer!","mister; lord"," Good day, Mr. Sommer!"
"die Hilfe, -","Hilfe! Bitte helfen Sie mir!","help"," Help! Please help me!"
"der Himmel, -","Heute ist so tolles Wetter: Der Himmel ist blau und es gibt keine Wolken.","sky"," The weather is great today: the sky is blue and there are no clouds."
"das Hobby, -s","Meine Hobbys sind Joggen und Schwimmen.","hobby"," My hobbies are jogging and swimming."
"die Hochzeit, -en","Zu seiner Hochzeit kommen mehr als einhundert Gäste.","wedding"," More than one hundred guests are coming to his wedding."
"die Homepage, -s","Auf der Homepage von Freiburg gibt es alle wichtigen Informationen über die Stadt.","homepage"," The Freiburg homepage has all the important information about the city."
"die Hose, -n","Kann ich die Hose waschen?","pants"," Can I wash the trousers?"
"das Hotel, -s","Im Urlaub sind wir in einem Hotel am Meer.","hotel"," On vacation we are in a hotel by the sea."
"der Hund, -e","Magst du Hunde?","dog"," Do you like dogs?"
"der Hunger, -","Ich habe Hunger! Wann können wir endlich essen?","hunger"," I am hungry! When can we finally eat?"
"die Idee, -n","Was machen wir heute Abend? Hast du eine gute Idee ?","idea"," What are we doing tonight? Do you have a good idea?"
"die Information, -en","Wir haben hier einige wichtige Informationen für Sie.","information"," We have some important information for you here."
"die Insel, -n","Ich möchte im Sommer auf einer Insel Urlaub machen.","island"," I would like to vacation on an island in the summer."
"das Instrument, -e","Ich spiele Klavier. Spielen Sie auch ein Instrument?","instrument"," I play piano. Do you also play an instrument?"
"das Interesse, -n","Ich habe viele Interessen: Sport, Lesen, Kultur, Reisen","interest"," I have many interests: sports, reading, culture, travel"
"das Internet, -","Das findest du im Internet.","internet"," You can find that on the internet."
"das Interview, -s","Komm schnell! Im Radio kommt ein Interview mit deinem Lieblingssänger.","interview"," Come quickly! The radio has an interview with your favorite singer."
"die Jacke, -n","Zieh dir eine Jacke an. Es ist kalt.","jacket"," Put on a jacket. It’s cold."
"die Jeans, -","Ich mag Jeans lieber als Röcke.","jeans"," I prefer jeans to skirts."
"der Job, -s","Jenny hat einen neuen Job bei der Post.","job"," Jenny has a new job at the post office."
"die Jugend, -","Wir übernachten in einer Jugendherberge.","youth"," We are staying in a youth hostel."
"der Junge, -n","In der Klasse von meiner Tochter sind 13 Jungen und 15 Mädchen.","boy"," In my daughter's class there are 13 boys and 15 girls."
"der Kaffee, -s","Zum Frühstück trinke ich immer Kaffee.","coffee"," I always drink coffee for breakfast."
"der Kalender, -","Haben Sie am Montag Zeit? - Einen Moment, ich schaue in meinem Kalender.","calendar"," Do you have time on Monday? - One moment, I’ll check my calendar."
"die Kamera, -s","Hannes hat eine neue Kamera. Er kann mit der Kamera Fotos und Filme machen.","camera"," Hannes has a new camera. He can take photos and make films with the camera."
"die Karte, -n","Ich schreibe meinen Bekannten eine Karte aus dem Urlaub.","card; map"," I am writing a card to my acquaintance from vacation."
"die Kartoffel, -n","Für Pommes frites braucht man Kartoffeln.","potato"," Potatoes are needed for french fries."
"der Käse, -","Isst du lieber Käse oder Wurst?","cheese"," Do you prefer cheese or sausage?"
"die Kasse, -n","Zahlen Sie bitte an der Kasse.","cash register"," Please pay at the checkout."
"die Katze, -n","Meine Tochter wünscht sich eine Katze.","cat"," My daughter wishes for a cat."
"das Kaufhaus, -er","Meine Pullover kaufe ich immer im Kaufhaus","department store"," I always buy my sweaters at the department store"
"der Keller, -","Bitte bring die Kartoffeln in den Keller!","cellar"," Please bring the potatoes to the cellar!"
"die Kenntnisse, -","Deine Deutschkenntnisse sind sehr gut!","knowledge"," Your German skills are very good!"
"die Kette, -n","Meine Mutter bekommt eine schöne Kette zum Geburtstag.","chain; necklace"," My mother receives a beautiful necklace for her birthday."
"das Kind, -er","Wie viele Kinder haben Sie?","child"," How many children do you have?"
"der Kindergarten, -","Die kleine Laura geht schon in den Kindergarten.","kindergarten"," Little Laura already goes to kindergarten."
"das Kino, -s","Gehen wir heute Abend zusammen ins Kino?","cinema"," Shall we go to the cinema together this evening?"
"der Kiosk, -e","Zeitungen kannst du am Kiosk kaufen.","kiosk"," You can buy newspapers at the kiosk."
"die Kirche, -n","Diese Kirche ist fast 800 Jahre alt.","church"," This church is almost 800 years old."
"das Klavier, -e","Jakob kann sehr gut Klavier spielen.","piano"," Jakob can play piano very well."
"das Kleid, -er","Julia möchte ein rotes Kleid kaufen.","dress"," Julia would like to buy a red dress."
"die Kleidung, -","Wo finde ich Kleidung? – Hosen im ersten, Kleider und Röcke im zweiten Stock.","clothing"," Where can I find clothes? – Trousers on the first floor, dresses and skirts on the second floor."
"der Koffer, -","Hast du den Koffer schon gepackt?","suitcase"," Have you already packed the suitcase?"
"der Kollege, -n","Wie heißt der neue Kollege?","colleague (male)"," What is the name of the new colleague?"
"die Kollegin, -nen","Wie heißt die neue Kollegin?","colleague (female)"," What is the name of the new female colleague?"
"der Kontakt, -e","Ich habe wenig Kontakt zu meinen Kollegen.","contact"," I have little contact with my colleagues."
"das Konto, -en","Das Geld überweisen wir am ersten März auf Ihr Konto.","account"," We will transfer the money to your account on March 1st."
"das Konzert, -e","Für das Konzert am Sonntag gibt es noch Karten.","concert"," There are still tickets for the concert on Sunday."
"der Kopf, ¨-e","Mein Kopf tut weh!","head"," My head hurts!"
"der Körper, -","Der Arzt sagt, ich muss etwas für meinen Körper tun, z. B. schwimmen oder Fahrrad fahren.","body"," The doctor says I should do something for my body, e.g., swim or bike."
"die Kosmetik, -","Kosmetik können Sie im Erdgeschoss kaufen.","cosmetics"," You can buy cosmetics on the ground floor."
"das Krankenhaus, -","Meine Tante ist im Krankenhaus.","hospital"," My aunt is in the hospital."
"die Krankenkasse, -","Bei welcher Krankenkasse sind Sie?","health insurance"," Which health insurance are you with?"
"die Krankheit, -en","Welche Krankheit hat Herr Brandner?","illness"," What illness does Mr. Brandner have?"
"der Kredit, -e","Ich brauche einen Kredit von der Bank.","loan"," I need a loan from the bank."
"die Kreuzung, -en","Fahren Sie an der nächsten Kreuzung rechts.","intersection"," Turn right at the next intersection."
"der Krimi, -s","Miriam liest gern spannende Krimis.","crime movie"," Miriam enjoys reading thrilling crime novels."
"die Küche, -n","Ich suche eine neue Wohnung mit drei Zimmern,","kitchen"," I am looking for a new three-room apartment,"
"der Kuchen, -","Er ißt sonntags ein Stück Kuchen.","cake"," He eats a piece of cake on Sundays."
"der Kühlschrank, ¨-e","Haben wir noch Milch? – Ja, im Kühlschrank.","cool; cooling (prefix form)"," Do we still have milk? – Yes, in the fridge."
"die Kultur, -en","Ich finde fremde Länder und Kulturen sehr interessant.","culture"," I find foreign countries and cultures very interesting."
#N/A
"die Kundin, -nen","Einen Moment, bitte. Ich habe eine Kundin.","customer (female)"," One moment, please. I have a female customer."
"die Kunst, ¨-e","Ich verstehe nichts von moderner Kunst.","art"," I know nothing about modern art."
"der Kurs, -e","Der Deutschkurs dauert zwei Monate.","course"," The German course lasts two months."
"der Laden, ¨-","Ich kaufe meine Kleider immer in einem kleinen","shop"," I always buy my clothes in a small"
"die Lampe, -n","Mach bitte die Lampe an. Es ist so dunkel.","lamp"," Please turn on the lamp. It is so dark."
"das Land, ¨-er","Deutschland ist ein schönes Land.","country; land"," Germany is a beautiful country."
"die Landschaft, -en","Die Landschaft ist sehr schön.","landscape"," The landscape is very beautiful."
"das Laptop, -s","Ich brauche einen neuen Laptop.","laptop"," I need a new laptop."
"das Leben, -","Hier in London ist das Leben teuer.","life"," Life is expensive here in London."
"die Lebensmittel, -","Lebensmittel bekommen Sie im Supermarkt.","groceries"," You can get groceries at the supermarket."
"die Leute, -","Auf der Party sind viele Leute.","people"," There are many people at the party."
"das Licht, -er","Es ist so dunkel. Mach bitte das Licht an!","light"," It is so dark. Please turn on the light!"
"das Lied, -er","Zum Geburtstag singen wir dir ein Lied.","song"," For your birthday we sing you a song."
"der Link, -s","Ich schicke dir einen Link zu Deutschübungen.","link"," I’ll send you a link to German exercises."
"der Löffel, -","Bitte bringen Sie mir einen Löffel.","spoon"," Please bring me a spoon."
"das Lokal, -e","Gibt es hier in der Nähe ein gutes Lokal?","pub; locale"," Is there a good restaurant nearby?"
"die Lüge, -n","Das stimmt nicht! Das ist eine Lüge!","lie"," That is not true! That is a lie!"
"die Lust, -","Gehen wir heute Abend ins Kino? - Nein, ich habe keine Lust.","desire"," Are we going to the cinema tonight? - No, I don’t feel like it."
"das Mädchen, -","Familie Kurz bekommt ein Baby. – Junge oder Mädchen ?","girl"," The Kurz family is getting a baby. – Boy or girl?"
"der Magen, ¨-","Mein Magen tut weh.","stomach"," My stomach hurts."
"die Mailbox, -en","Hier ist die Mailbox von Susanne König.","mailbox"," Here is Susanne König's voicemail."
"der Mann, ¨-er","Mein Mann ist Polizist.","man"," My husband is a police officer."
"die Mannschaft, -en","Meine Lieblingsmannschaft hat 1:0 verloren.","team"," My favorite team lost 1-0."
"der Mantel, ¨-","Es ist kalt. Zieh deinen Mantel an!","coat"," It is cold. Put on your coat!"
"der Markt, ¨-e","Ich gehe heute auf den Markt.","market"," I am going to the market today."
"die Maschine, -n","Die Waschmaschine funktioniert sehr gut.","machine"," The washing machine works very well."
"das Medikament, -e","Nehmen Sie dieses Medikament dreimal pro Tag!","medicine"," Take this medicine three times a day!"
"das Meer, -e","Wir machen Urlaub am Meer.","sea"," We are taking a vacation by the sea."
"die Meinung, -en","Meine Meinung zu dem Thema ist: …","opinion"," My opinion on the topic is: …"
"die Menge, -n","Wir haben noch eine Menge Zeit.","amount"," We still have plenty of time."
"der Mensch, -en","Die Menschen sind hier ein bisschen anders als","person"," The people here are a bit different from"
"die Messe, -n","Kommst du mit zur Buchmesse nach Frankfurt?","fair; mass"," Are you coming with me to the book fair in Frankfurt?"
"das Messer, -","Das Messer schneidet nicht gut.","knife"," The knife doesn’t cut well."
"die Miete, -n","Wie viel Miete bezahlst du für deine Wohnung?","rent"," How much rent do you pay for your apartment?"
"die Milch, -","Die Milch steht im Kühlschrank.","milk"," The milk is in the fridge."
"das Mineral, -","Ein Glas Mineralwasser, bitte.","mineral"," A glass of mineral water, please."
"der Mitarbeiter, -","Unsere Firma hat sieben Mitarbeiter.","employee"," Our company has seven employees."
"das Mittagessen, -","Um zwölf Uhr gibt es Mittagessen.","lunch"," Lunch is at twelve o’clock."
"die Mitte, -n","Den Schrank stellen wir an die Wand, den Tisch in die Mitte.","middle"," We place the cabinet against the wall and the table in the middle."
"das Mittel, -","Haben Sie ein Mittel gegen Magenschmerzen?","means; middle"," Do you have a remedy for stomach ache?"
"die Möbel, -","Eure Möbel sind sehr schön.","furniture"," Your furniture is very nice."
"das Mobiltelefon, -e","Wie kann ich Sie erreichen? Haben Sie ein Mobiltelefon ?","mobil phone"," How can I reach you? Do you have a mobile phone?"
"die Mode, -n","Wie findest du die neue Mode?","fashion"," How do you like the new fashion?"
"der Moment, -e","Einen Moment, bitte.","moment"," One moment, please."
"der Motor, -en","Der Motor ist kaputt. Das Auto fährt nicht mehr.","engine"," The engine is broken. The car doesn't drive anymore."
"der Motorroller, -","Oskar fährt mit dem Motorroller zur Arbeit.","moped"," Oskar rides to work on a motor scooter."
"der Müll, -","Bringst du bitte den Müll raus?","garbage"," Could you please take out the trash?"
"der Mund, ¨-er","Öffnen Sie bitte den Mund. Ich möchte in Ihren","mouth"," Please open your mouth. I want to look in your"
"das Museum, -een","Im Kunstmuseum gibt es eine neue Ausstellung.","museum"," There is a new exhibition at the art museum."
"die Musik, -","Wie findest du die Musik?","music"," How do you like the music?"
"die Mütze, -n","Haben Sie rote Mützen?","cap"," Do you have red hats?"
"der Nachbar, -n,","Mein Nachbar kommt aus Brasilien und meine Nachbarin ist Italienerin.","neighbor (male)"," My neighbor is from Brazil and my neighbor is Italian."
"die Nachbarin, -nen","Mein Nachbar kommt aus Brasilien und meine Nachbarin ist Italienerin.","neighbor (female)"," My neighbor is from Brazil and my neighbor is Italian."
"die Nachricht, -en","Ich sehe abends immer die Nachrichten im Fernsehen.","message"," I always watch the evening news on TV."
"die Nähe, -","Die Post ist in der Nähe vom Bahnhof.","proximity"," The post office is near the train station."
"der Name, -n","Wie ist Ihr Name?","name"," What is your name?"
"die Natur, -","Ich bin gern draußen in der Natur.","nature"," I like to be outdoors in nature."
"die Note, -n","Eva hat immer sehr gute Noten in Deutsch.","grade; note"," Eva always gets very good grades in German."
"die Notiz, -en","Schreib mir bitte eine Notiz.","note"," Please write me a note."
"die Nudel, -n","Möchten Sie lieber Reis oder Nudeln?","noodles"," Would you prefer rice or pasta?"
"die Nummer, -n","Sie haben Zimmer Nummer zwölf.","number"," You have room number twelve."
"das Obst, -","Obst kaufe ich immer auf dem Markt.","fruit"," I always buy fruit at the market."
"das Ohr, -en","Ich habe Ohrenschmerzen.","ear"," I have earache."
"das Öl, -e","Machen wir den Salat mit Öl?","oil"," Do we make the salad with oil?"
"die Orange, -n","Ich esse gern Orangen.","orange"," I like to eat oranges."
"die Ordnung, -en","Er hat seine Hausaufgabe gut gemacht. Das ist alles in Ordnung.","order"," He did his homework well. Everything is in order."
"der Ort, -e","Vergessen Sie Ort und Datum nicht, wenn Sie einen Brief schreiben.","place"," Do not forget place and date when you write a letter."
"das Paar, -e","Romeo und Julia sind ein Paar.","pair"," Romeo and Juliet are a couple."
"das Paket, -e","Bringst du bitte das Paket zur Post?","package"," Please take the package to the post office."
"das Papier, -e","Hier sind Papier und Bleistift.","paper"," Here are paper and pencil."
"die Papiere, -","Haben Sie Ihre Papiere dabei?","papers"," Do you have your documents with you?"
"das Parfüm, -s","Ich suche ein Parfum als Geschenk für meine Frau.","perfume"," I’m looking for a perfume as a gift for my wife."
"der Park, -s","Ich gehe gern im Park spazieren.","park"," I like to walk in the park."
"der Partner, -","Franz ist mein Partner.","partner"," Franz is my partner."
"die Partnerin, -nen","Veronika ist meine Partnerin.","partner (female)"," Veronika is my partner (female)."
"die Party, -s","Heute Abend machen wir eine Party.","party"," We are having a party this evening."
"der Pass, ¨-e","Am Flughafen brauchst du deinen Pass.","passport"," At the airport you need your passport."
"das Passwort, ¨-er","Bitte schreiben Sie Ihr Passwort.","password"," Please write down your password."
"die Pause, -n","Von 12.00 bis 12.30 Uhr haben wir Mittagspause.","break"," From 12:00 to 12:30 we have lunch break."
"die Person, -en","Eintritt pro Person: 5 Euro.","person"," Admission per person: 5 euros."
"das Pferd, -e","Amira liebt Pferde. Sie reitet seit zehn Jahren.","horse"," Amira loves horses. She has been riding for ten years."
"die Pflanze, -n","Können Sie sich bitte um unsere Pflanzen kümmern? Wir sind nächste Woche im Urlaub.","plant"," Could you please take care of our plants? We’ll be on vacation next week."
"die Pizza, -s/-en","Mein Lieblingsessen ist Pizza.","pizza"," My favorite food is pizza."
"das Plakat, -e","Wir machen im Unterricht ein Plakat zum Thema","poster"," We are making a poster in class about the topic"
"der Plan, ¨-e","Ich kaufe mir einen Stadtplan.","plan"," I’m buying myself a city map."
"der Platz, ¨-e","Hier ist noch ein Platz frei.","square; place"," There is still a free seat/place here."
"die Polizei, -","Rufen Sie die Polizei!","police"," Call the police!"
"die Pommes, -","Die Kinder essen Bratwurst mit Pommes frites.","fries"," The children eat bratwurst with french fries."
"die Portion, -en","Ich nehme eine kleine Portion Eis.","portion"," I’ll have a small portion of ice cream."
"die Post, -","Entschuldigung, wo ist die Post?","mail"," Excuse me, where is the post office?"
"das Poster, -","Das Poster hängt über dem Bett.","poster"," The poster hangs above the bed."
"die Postkarte, -n","Schreibst du mir eine Postkarte aus Kanada?","postcard"," Will you write me a postcard from Canada?"
"die Postleitzahl, -en","Wie ist Ihre Postleitzahl?","postal code"," What is your postal code?"
"das Praktikum, -a","Ich mache ein Praktikum bei Siemens.","internship"," I’m doing an internship at Siemens."
"die Praxis, -en","Unsere Praxis ist ab acht Uhr geöffnet. Frau Doktor Weiß hat ab neun Uhr Sprechstunde","practice"," Our practice opens at eight o’clock. Dr. Weiß has consulting hours from nine o’clock."
"der Preis, -e","Die Preise sind hier viel höher als bei uns.","price"," The prices here are much higher than ours."
"das Problem, -e","Ich habe ein Problem. Können Sie mir bitte helfen?","problem"," I have a problem. Could you please help me?"
"das Produkt, -e","Unsere Produkte haben eine sehr hohe Qualität.","product"," Our products have very high quality."
"das Programm, -e","Dieses Programm im Radio interessiert mich nicht.","program"," I’m not interested in this program on the radio."
"das Projekt, -e","Wir machen ein Projekt über Sehenswürdigkeiten in unserer Stadt.","project"," We are doing a project about sights in our city."
"der Prospekt, -e","Bitte schicken Sie mir einen Prospekt von Ihrem Hotel.","brochure"," Please send me a brochure of your hotel."
"die Prüfung, -en","Ich habe die Prüfung bestanden.","exam"," I passed the exam."
"der Pullover, -","Ich muss mir einen Pullover kaufen.","sweater"," I need to buy a sweater."
"die Qualität, -en","Dieser Fernseher hat eine gute Qualität.","quality"," This television has good quality."
"das Quiz, -","Er schaut gern Quizsendungen an. Sie hat beim Quiz gewonnen.","quiz"," He likes watching quiz shows. She won the quiz."
"das Radio, -s","Ich höre im Auto gern Radio.","radio"," I like listening to the radio in the car."
"das Rathaus, ¨-er","Das Formular bekommen Sie im Rathaus.","town hall"," You can get the form at the town hall."
"das Rätsel, -","Das Rätsel ist schwierig! Ich weiß die Antwort nicht.","riddle"," The puzzle is difficult! I don’t know the answer."
"der Raum, ¨-e","Der Unterricht findet heute in Raum 332 statt.","room"," The class today takes place in room 332."
"die Rechnung, -en","Schicken Sie die Rechnung an mich.","bill"," Please send the invoice to me."
"der Regen, -","Bei Regen gehe ich nicht aus dem Haus.","rain"," I don’t go out of the house in rain."
"der Reifen, -","Ich brauche neue Reifen für mein Auto.","tire"," I need new tires for my car."
"die Reihe, -n","Ich habe Karten für das Konzert. Wir sitzen in der","row; series"," I have tickets for the concert. We are sitting in the"
"die Reinigung, -en","Bringst du bitte die Bluse in die Reinigung? Man","cleaning"," Please take the blouse to the dry cleaner. One"
"der Reis, -","Ich esse gern Reis mit Gemüse und Fisch.","rice"," I like rice with vegetables and fish."
"die Reise, -n","Wir machen eine Reise nach Österreich.","trip"," We are taking a trip to Austria."
"das Reisebüro, -s","Wir organisieren eine Rundreise durch Deutschland.","travel agency"," We are organizing a round trip through Germany."
"der Reiseführer, -","Ich kaufe mir einen Reiseführer von Berlin.","travel guide"," I’m buying myself a travel guide for Berlin."
"der Rentner,, -","Mein Onkel arbeitet nicht mehr. Er ist Rentner.","retired man"," My uncle no longer works. He is retired."
"die Rentnerin, -nen","Mein Tante arbeitet nicht mehr. Sie ist Rentnerin.","retired woman"," My aunt no longer works. She is a retiree."
"die Reparatur, -en","Die Reparatur ist sehr teuer.","repair"," The repair is very expensive."
"der Rest, -e","Hier sind 50 Euro. Den Rest gebe ich dir später.","rest"," Here are 50 euros. I’ll give you the rest later."
"das Restaurant, -s","Wir essen heute in einem Restaurant.","restaurant"," We’re eating at a restaurant today."
"das Rezept, -e","Dieser Kuchen schmeckt super! Kannst du mir bitte das Rezept geben?","recipe"," This cake tastes amazing! Can you please give me the recipe?"
"die Rezeption, -en","Geben Sie bitte den Schlüssel an der Rezeption ab.","reception"," Please hand the key to the reception."
"das Rind, -","Ich esse nur Fleisch vom Rind.","beef"," I only eat beef."
"der Ring, -e","Ich habe meinen Ring verloren.","ring"," I have lost my ring."
"der Rock, ¨-e","Der Rock ist zu eng.","skirt"," The skirt is too tight."
"die Rose, -n","Er schenkt seiner Freundin rote Rosen zum Geburtstag.","rose"," He gives his girlfriend red roses for her birthday."
"der Rücken, -","Mein Rücken tut mir weh.","back"," My back hurts."
"der Rucksack, ¨-e","Ich nehme lieber einen Rucksack als einen","backpack"," I prefer a backpack to a"
"die Ruhe, -","Ruhe, bitte! Hier in der Bibliothek darf man nicht","quiet"," Quiet, please! In this library you may not"
"der Rundgang, ¨-e","Der Rundgang durch das Schloss beginnt in wenigen","tour"," The tour of the castle begins in a few"
"die Sache, -n","Ihr könnt eure Sachen im Hotel lassen.","thing"," You can leave your things at the hotel."
"der Saft, ¨-e","Möchtest du einen Apfelsaft?","juice"," Would you like an apple juice?"
"der Salat, -e","Wie schmeckt dir der Salat?","salad"," How do you like the salad?"
"das Salz, -e","Entschuldigung, kann ich bitte Salz haben?","salt"," Excuse me, can I have some salt, please?"
"der Satz, ¨-e","Den letzten Satz verstehe ich nicht.","sentence"," I don’t understand the last sentence."
"der Schalter, -","Gehen Sie bitte zum Schalter drei!","counter"," Please go to counter three!"
"die Schere, -n","Die Schere schneidet nicht gut. Hast du eine andere?","scissors"," The scissors don’t cut well. Do you have another?"
"das Schiff, -e","Wir fahren mit dem Schiff von Basel nach Köln.","ship"," We are traveling by ship from Basel to Cologne."
"das Schild, -er","Haben Sie das Schild nicht gesehen?","sign; shield"," Didn’t you see the sign?"
"der Schirm, -e","Nimm den Schirm mit, es regnet.","umbrella"," Take the umbrella with you, it’s raining."
"das Schlafzimmer, -","Hier ist das Schlafzimmer.","bedroom"," Here is the bedroom."
"das Schloss, ¨-er","Am Wochenende besichtigen wir Schloss Neuschwanstein","castle; lock"," At the weekend we will visit Neuschwanstein Castle"
"der Schluss, ¨-e","Zum Schluss nochmals herzlichen Dank.","end"," Finally, many thanks again."
"der Schlüssel, -","Ich gebe Ihnen noch den Zimmerschlüssel.","key"," I’ll give you the room key."
"der Schmerz, -en","Haben Sie Schmerzen?","pain"," Do you have pain?"
"der Schnee, -","In den Bergen liegt viel Schnee.","snow"," There is a lot of snow in the mountains."
"die Schokolade, -","Julia liebt Schokolade.","chocolate"," Julia loves chocolate."
"der Schrank, ¨-e","Die Gläser stehen im Schrank.","cupboard"," The glasses are in the cupboard."
"der Schuh, -e","Zieh die Schuhe aus!","shoe"," Take off your shoes!"
"die Schule, -n","Meine Tochter geht schon in die Schule.","school"," My daughter is already going to school."
"der Schüler, -","In meinem Kurs sind acht Schülerinnen und fünf Schüler","pupil (male)"," In my course there are eight female students and five male students"
"die Schülerin, -nen","In meinem Kurs sind acht Schülerinnen und fünf Schüler","pupil (female)"," In my course there are eight female students and five male students"
"das Schwein, -e","Ich esse kein Schweinefleisch.","pig"," I don’t eat pork."
"das Schwimmbad, ¨-er","Kommst du mit ins Schwimmbad?","swimming pool"," Are you coming to the swimming pool?"
"der See, -n","Morgen fahren wir mal an einen See schwimmen.","lake; sea"," Tomorrow we’ll go swimming at a lake."
"die See, -","Die See ist heute ruhig.","sea"," The lake is calm today."
"die Sehenswürdigkeit, -en","Welche Sehenswürdigkeiten gibt es in Frankfurt?","attraction"," Which sights are there in Frankfurt?"
"die Seife, -n","Hier gibt es keine Seife.","soap"," There is no soap here."
"die Seite, -n","Öffnen Sie das Kursbuch auf Seite 20.","page; side"," Open the course book to page 20."
"die Sendung, -en","Welche Sendungen schaust du gern an? – Ich mag Sportsendungen.","brodadcast"," Which programs do you like to watch? – I like sports programs."
"der Service, -","Ich bin mit dem Service in der Werkstatt sehr zufrieden.","service"," I am very satisfied with the service in the workshop."
"die Situation, -en","Ich bin in einer schwierigen Situation. Ich weiß nicht, was ich tun soll.","situation"," I am in a difficult situation. I don’t know what to do."
"der Ski, -,er","Gehen wir am Wochenende Ski fahren?","ski"," Shall we go skiing this weekend?"
"das Sofa, -s","Das Sofa ist bequem.","sofa"," The sofa is comfortable."
"die Sonne, -n","Die Sonne scheint.","sun"," The sun is shining."
"der Spaß, -","Meine Arbeit macht mir Spaß.","fun"," I enjoy my work."
"der Spaziergang, ¨-e","Abends mache ich immer einen Spaziergang.","walk"," In the evenings I always take a walk."
"die Speisekarte, -n","Entschuldigung, bringen Sie uns bitte die Speisekarte ?","menu"," Excuse me, please bring us the menu?"
"das Spiel, -e","Welche Kartenspiele kennen Sie?","game"," Which card games do you know?"
"der Sport, -","Ich mache viel Sport.","sport"," I do a lot of sports."
"der Sportplatz, ¨-e","Das Fußballtraining ist um 17 Uhr auf dem","sports field"," The football training is at 5 p.m. on the"
"die Sprache, -n","Welche Sprachen sprichst du? – Ich spreche Englisch und Spanisch.","language"," Which languages do you speak? – I speak English and Spanish."
"die Sprechstunde, -n","Frau Doktor Weiß hat von 9:00 bis 12:30 Uhr Sprechstunde","consultation hours"," Dr. Weiß has consulting hours from 9:00 to 12:30"
"die Stadt, ¨-e","Heidelberg ist eine alte Stadt.","city"," Heidelberg is an old city."
"der Stadtplan, ¨-e","Haben Sie einen Stadtplan von Salzburg?","city map"," Do you have a city map of Salzburg?"
"der Star, -s","Diese Sängerin ist ein Star in Deutschland.","star"," This singer is a star in Germany."
"die Stelle, -n","Ich habe eine neue Stelle. Ich arbeite jetzt bei Mercedes.","job"," I have a new job. I’m now working at Mercedes."
"der Stiefel, -","Wie viel kosten die roten Stiefel?","boot"," How much do the red boots cost?"
"der Stift, -e","Kannst du mir bitte einen Stift geben? - Was brauchst du? Einen Farbstift oder einen Bleistift oder einen Kugelschreiber?","pen"," Could you please give me a pen? – What do you need? A colored pencil, a pencil, or a ballpoint pen?"
"das Stipendium, -","Wenn ich ein gutes Zeugnis habe, bekomme ich ein Stipendium.","scolarship"," If I have a good report, I’ll get a scholarship."
"der Stock, ¨-e","Unsere Wohnung liegt im ersten Stock.","floor"," Our apartment is on the first floor."
"das Stockwerk, -e","Das Gebäude hat zwanzig Stockwerke.","floor"," The building has twenty floors."
"der Strand, ¨-e","Im Urlaub bin ich am liebsten am Strand.","beach"," On vacation I prefer the beach."
"die Straße, -n","In welcher Straße wohnen Sie?","street"," Which street do you live on?"
"die Straßenbahn, -en","Fahren wir mit der Straßenbahn oder mit der U-Bahn ?","tram"," Do we ride the tram or the subway?"
"der Stress, -","Ich habe bei der Arbeit viel Stress.","stress"," I have a lot of stress at work."
"das Stück, -e","Möchten Sie noch ein Stück Kuchen?","piece"," Would you like another piece of cake?"
"der Student, -en,","Ich bin Student.","student (male)"," I am a student."
"die Studentin, -nen","Ich bin Studentin.","student (female)"," I am a female student."
"das Studium, -","Das Studium dauert drei Jahre.","studies"," The study lasts three years."
"der Stuhl, ¨-e","Ist der Stuhl frei?","chair"," Is the chair free?"
"der Supermarkt, ¨-e","Ich kaufe oft im Supermarkt ein.","supermarket"," I often shop at the supermarket."
"die Suppe, -n","Schmeckt dir die Suppe?","soup"," Do you like the soup?"
"die Süßigkeiten, -","Welche Süßigkeiten isst du am liebsten?","sweets"," Which sweets do you like best?"
"das Tablet, -s","Hast du ein Tablet? - Nein, ich habe einen Laptop und ein Handy.","tablet"," Do you have a tablet? - No, I have a laptop and a mobile phone."
"die Tablette, -n","Du sollst am Abend zwei Tabletten nehmen.","tablet"," You should take two tablets in the evening."
"die Tafel, -n","Der Lehrer schreibt das neue Wort an die Tafel.","board"," The teacher writes the new word on the board."
"die Tasche, -n","Ich habe die Schlüssel in der Tasche.","bag"," I have the keys in my pocket."
"das Taschengeld, -","Wie viel Taschengeld bekommen deine Kinder?","pocket money"," How much pocket money do your children get?"
"die Tasse, -n","Möchten Sie eine Tasse Kaffee?","cup"," Would you like a cup of coffee?"
"das Taxi, -s","Bitte rufen Sie mir ein Taxi.","taxi"," Please call me a taxi."
"das Team, -s","Ich arbeite gern in einem Team.","team"," I enjoy working in a team."
"der Tee, -s","Ich trinke morgens immer Tee.","tea"," I always drink tea in the morning."
"das Telefon, -e","Darf ich bitte Ihr Telefon benutzen?","telephone"," May I please use your phone?"
"der Teller, -","Stell die Teller bitte auf den Tisch!","plate"," Please set the plates on the table!"
"das Tennis, -","Steffi spielt sehr gut Tennis.","tennis"," Steffi plays tennis very well."
"der Termin, -e","Am besten machen wir sofort einen Termin.","appointment"," It’s best if we make an appointment right away."
"der Text, -e","Lesen Sie bitte den Text.","text"," Please read the text."
"das Theater, -","Ich gehe nicht gern ins Theater.","theater"," I don’t like going to the theater."
"das Thema, -en","Heute heißt unser Thema: „Essen und Trinken“.","topic"," Today our topic is "Food and Drink.""
"das Ticket, -s","Wie viel kostet das Ticket?","ticket"," How much does the ticket cost?"
"das Tier, -e","Wir dürfen keine Tiere in der Wohnung haben.","animal"," We are not allowed to have animals in the apartment."
"der Tipp, -s","Kannst du mir einen guten Tipp geben?","tip"," Can you give me a good tip?"
"der Tisch, -e","Das Essen steht schon auf dem Tisch.","table"," The food is already on the table."
"der Titel, -","Wie heißt der Film? - Ich weiß den Titel nicht mehr.","title"," What is the name of the film? - I don’t remember the title."
"die Toilette, -n","Wo ist die Toilette, bitte?","toilet"," Where is the toilet, please?"
"die Tomate, -n","Die Tomate ist noch grün.","tomato"," The tomato is still green."
"der Topf, ¨-e","Hast du keinen größeren Topf? Ich möchte Kartoffeln kochen.","pot"," Do you not have a bigger pot? I want to cook potatoes."
"die Torte, -n","Zum Geburtstag backe ich dir eine Torte.","cake"," For birthday I’ll bake you a cake."
"die Tour, -en","Wo kann ich eine Stadttour buchen?","tour"," Where can I book a city tour?"
"der Tourist, -en,","Im Sommer kommen viele Touristen in diese Stadt.","tourist (male)"," In summer many tourists come to this city."
"die Touristin, -nen","Im Sommer kommen viele Touristinen in diese Stadt.","tourist (female)"," In summer many female tourists come to this city."
"das Training, -s","Das Training ist immer dienstags.","training"," The training is always on Tuesdays."
"der Traum, ¨-e","Ich möchte eine eigene Firma, das ist mein Traum.","dream"," I want to own my own company, that is my dream."
"die Treppe, -n","Ich nehme die Treppe, nicht den Aufzug.","stairs"," I take the stairs, not the elevator."
"das T-Shirt, -s","Haben Sie dieses T-Shirt auch in M?","t-shirt"," Do you have this T-shirt in M as well?"
"die Tür, -en","Mach bitte die Tür zu!","door"," Please close the door!"
"die Übersetzung, -en","Ich brauche eine Übersetzung von meinem Zeugnis.","translation"," I need a translation of my diploma."
"die Uhr, -en","Es ist vier Uhr.","clock; watch"," It is four o’clock."
"der Umzug, ¨-e","Der Umzug ist nächste Woche.","move; relocation"," The move is next week."
"der Unfall, ¨-e","Ich hatte gestern einen Unfall.","accident"," I had an accident yesterday."
"die Universität, -en","Er studiert an der Universität Freiburg.","university"," He studies at the University of Freiburg."
"die Unterkunft, ¨-e","Ich suche noch eine Unterkunft in Basel. Kennst du ein günstiges Hotel?","accommodation"," I’m still looking for accommodation in Basel. Do you know an affordable hotel?"
"der Unterricht, -","Der Unterricht dauert bis 19 Uhr.","instruction"," The class lasts until 7 p.m."
"der Unterschied, -e","Was ist der Unterschied zwischen den beiden Kursen? - Die Kurse sind gleich. Es gibt keinen Unterschied.","difference"," What is the difference between the two courses? - The courses are the same. There is no difference."
"die Unterschrift, -en","Hier fehlt noch Ihre Unterschrift.","signature"," Here is your signature still missing."
"der Urlaub, -e","Ich nehme im September Urlaub.","vacation"," I’m taking vacation in September."
"die Veranstaltung, -en","Am Samstag ist unser Restaurant geschlossen. Wir haben eine Veranstaltung.","event"," On Saturday our restaurant is closed. We have an event."
"der Verein, -e","Er ist seit vielen Jahren im Verein.","club; association"," He has been in the club for many years."
"der Verkehr, -","Morgens gibt es hier immer viel Verkehr.","traffic"," In the morning there is always a lot of traffic here."
"das Verkehrsmittel, -","Welche Verkehrsmittel benutzen Sie oft?","means of transport"," Which means of transport do you often use?"
"der Vermieter, -","Unser Vermieter ist nett.","landlord"," Our landlord is nice."
"die Vermieterin, -nen","Unsere Vermieterin ist nett.","landlady"," Our landlady is nice."
"die Verspätung, -en","Unser Zug hat leider 15 Minuten Verspätung.","delay"," Our train is unfortunately 15 minutes late."
"der Vertrag, ¨-e","Ich muss den Vertrag noch unterschreiben.","contract"," I still have to sign the contract."
"der Vogel, ¨-","Nadine mag Vögel.","bird"," Nadine likes birds."
"der Volleyball, ¨-e","Ich spiele gern Volleyball.","volleyball"," I enjoy playing volleyball."
"der Vorname, -n","Ich heiße Müller, mein Vorname ist Eva.","first name"," My name is Müller, first name Eva."
"der Vorschlag, ¨-e","Was machen wir am Wochenende? Hast du einen Vorschlag ?","suggestion"," What are we doing this weekend? Do you have a suggestion?"
"der Wagen, -","Wo steht Ihr Wagen?","car; wagon"," Where is your car parked?"
"der Wald, ¨-er","Im Wald ist es ruhig.","forest"," It is quiet in the forest."
"die Wäsche, -n","Ich muss noch Wäsche waschen.","laundry"," I still need to do laundry."
"das Wasser, -","Ein Glas Wasser, bitte.","water"," A glass of water, please."
"die Webseite, -n","Es gibt viele Webseiten mit Grammatikübungen.","website"," There are many websites with grammar exercises."
"der Weg, -e","Das ist der kürzeste Weg.","way"," This is the shortest way."
"der Wein, -e","Nein danke, ich möchte keinen Wein.","wine"," No thank you, I don’t want wine."
"die Welt, -en","Ich möchte gern einmal um die Welt reisen.","world"," I would like to travel around the world."
"die Werkstatt, ¨-en","Mein Auto ist kaputt. Es ist in der Werkstatt.","workshop"," My car is broken. It’s in the workshop."
"der Wettbewerb, -e","Mein Sohn hat bei einem Wettbewerb gewonnen.","competition"," My son won a competition."
"das Wetter, -","Heute ist das Wetter gut: Es ist sonnig und warm.","weather"," Today the weather is good: sunny and warm."
"das Wiederhören, -","Wir müssen jetzt Schluss machen. Also auf Wiederhören !","goodbye !"," We have to wrap up now. So goodbye!"
"das Wiedersehen, -","Auf Wiedersehen!","goodbye !"," Goodbye!"
"der Wind, -e","Der Wind ist kalt.","wind"," The wind is cold."
"der Witz, -e","Wir haben Witze erzählt und viel gelacht.","joke"," We told jokes and laughed a lot."
"die Wohnung, -en","Haben Sie schon eine neue Wohnung gefunden?","apartment"," Have you already found a new apartment?"
"das Wohnzimmer, -","Die Kinder sitzen im Wohnzimmer und sehen fern.","living room"," The children are sitting in the living room watching TV."
"die Wolke, -n","Heute gibt es viele Wolken.","cloud"," Today there are many clouds."
"der Workshop, -s","Das war ein toller Workshop. Ich habe viel gelernt.","workshop"," That was a great workshop. I learned a lot."
"das Wort, -er","Ich kenne das Wort nicht.","word"," I don’t know the word."
"der Wunsch, ¨-e","Ich wünsche Ihnen alles Gute!","wish"," I wish you all the best!"
"die Wurst, ¨-e","Eine Wurst mit Pommes, bitte.","sausage"," One sausage with fries, please."
"die Zahl, -en","Können Sie die Zahl bitte wiederholen?","number"," Could you repeat the number, please?"
"der Zahn, ¨-e","Der Zahn tut mir schon seit einer Woche weh.","tooth"," The tooth has been hurting for a week."
"die Zeit, -en","Ich habe heute keine Zeit.","time"," I don’t have time today."
"die Zeitschrift, -en","Diese Zeitschrift kauft Andrea jede Woche.","magazine"," Andrea buys this magazine every week."
"die Zeitung, -en","Ich lese manchmal Zeitung.","newspaper"," I sometimes read the newspaper."
"das Zelt, -e","Im Sommer schlafen wir manchmal im Zelt.","tent"," In the summer we sometimes sleep in a tent."
"das Zentrum, -en","Der Bahnhof ist im Stadtzentrum.","center"," The train station is in the city center."
"der Zettel, -","Hast du einen Zettel für mich? Ich muss etwas","note"," Do you have a piece of paper for me? I need to write something"
"das Zeugnis, -se","Morgen bekommen die Kinder ihr Zeugnis.","certificate; transcript"," Tomorrow the children will get their report cards."
"das Ziel, -e","John läuft sehr schnell. Er war als erster am Ziel.","goal"," John runs very fast. He was first to reach the goal."
"das Zimmer, -","Das Zimmer ist am größten.","room"," The room is the largest."
"der Zirkus, -se","Heute gehen wir mit den Kindern in den Zirkus.","circus"," Today we are going to the circus with the children."
"die Zitrone, -n","Ich trinke den Tee mit Zitrone.","lemon"," I drink the tea with lemon."
"der Zoo, -s","Am Sonntag gehen wir in den Zoo.","zoo"," On Sunday we are going to the zoo."
"der Zucker, -","Trinken Sie den Tee mit oder ohne Zucker?","sugar","Do you drink your tea with or without sugar?"
"der Zug, ¨-","Ich fahre gern mit dem Zug.","train","I like traveling by train."